Frame Index,Anomaly Score
0,0.25156742
1,0.25146255
2,0.25189137
3,0.24964581
4,0.24815768
5,0.24334213
6,0.2464206
7,0.24723996
8,0.24805167
9,0.24723592
10,0.2485689
11,0.24749564
12,0.2457326
13,0.24751785
14,0.24706396
15,0.24792652
16,0.249085
17,0.24945201
18,0.2480222
19,0.24916485
20,0.24903737
21,0.2464818
22,0.2472717
23,0.24640472
24,0.24710497
25,0.24734345
26,0.24701883
27,0.24777065
28,0.24632822

Video,Arrest001_x264.mp4
Anomaly Detected,True
Category,Unknown
